Snapshot, Tunnel cluster, Tunnel, Throughput, Cost, Bottleneck radius, Average R error bound, Max. R error bound, Bottleneck R error bound, Curvature, Length, , Axis, Values...
cavity_glu_prot_Q10_EM_100kJ_water.pdb, 1, 1, 0.7618919309498933, 0.2719505562537119, 2.2088447990493236, -, -, -, 1.1235622673504535, 19.09471639670102, , X, -78.96797035058613, -78.7185195237219, -78.47503232552837, -78.24512917073089, -78.01522601593342, -77.78532286113595, -77.70368708142148, -77.62549591286064, -77.54730474429982, -77.46652035873882, -77.38206531875193, -77.29761027876502, -77.21242416034613, -77.27608893920478, -77.52273152221422, -77.82442574034934, -78.12902304898653, -78.30699456171926, -78.39279633096498, -78.35077615989722, -78.30875598882946, -78.41158981886088, -78.61841776962001, -78.63192521038405, -78.6454326511481, -78.65894009191216, -78.6427612307994, -78.55842698100187, -78.47409273120435, -78.4993294661451, -78.50979108820566, -78.37110054885973, -78.33757488097093, -78.5151003940897, -78.69262590720847, -78.65216372125535, -78.54764026865908, -78.44311681606283, -78.33859336346656, -78.23406991087029
cavity_glu_prot_Q10_EM_100kJ_water.pdb, 1, 1, 0.7618919309498933, 0.2719505562537119, 2.2088447990493236, -, -, -, 1.1235622673504535, 19.09471639670102, , Y, -6.963370495991634, -6.957232342296568, -7.063381924228829, -7.425302205148433, -7.787222486068036, -8.149142766987639, -8.447124841719605, -8.743621476663787, -9.04011811160797, -9.354987337454684, -9.695862652304898, -10.036737967155112, -10.400591095691603, -10.371619947443925, -10.330720772815717, -10.588528441543218, -10.866034756924856, -11.27548195025069, -11.765440299212145, -12.1393308476721, -12.513221396132055, -12.89191463735892, -13.308421036443345, -13.78303905496774, -14.257657073492132, -14.732275092016526, -15.197877766868633, -15.642782536853339, -16.087687306838045, -16.520205466906628, -16.94405799391679, -17.378857322910743, -17.770241333031013, -18.17649996692754, -18.582758600824064, -18.92560787196438, -19.249822678350526, -19.57403748473667, -19.898252291122816, -20.22246709750896
cavity_glu_prot_Q10_EM_100kJ_water.pdb, 1, 1, 0.7618919309498933, 0.2719505562537119, 2.2088447990493236, -, -, -, 1.1235622673504535, 19.09471639670102, , Z, -24.815941376120055, -24.382655548927463, -24.00308640861509, -23.745873948432372, -23.488661488249658, -23.23144902806694, -22.8396382476067, -22.444700421327845, -22.04976259504899, -21.670982455234867, -21.31507324497672, -20.95916403471857, -20.650753570211844, -20.226902976538824, -19.802545249465616, -19.50950730299028, -19.226292323700182, -19.24240539797129, -19.244850767421543, -18.91554822720093, -18.586245686980313, -18.422714283988277, -18.416093037778495, -18.25939177570322, -18.102690513627945, -17.945989251552668, -17.772507221872715, -17.560499014588313, -17.348490807303914, -17.132966740214517, -16.91847878229872, -16.7142375577569, -16.47197126247724, -16.240803326602805, -16.00963539072837, -15.674255742727475, -15.308250814922737, -14.942245887118, -14.576240959313264, -14.210236031508527
cavity_glu_prot_Q10_EM_100kJ_water.pdb, 1, 1, 0.7618919309498933, 0.2719505562537119, 2.2088447990493236, -, -, -, 1.1235622673504535, 19.09471639670102, , distance, 0.0, 0.5000000000000022, 0.9558887908765222, 1.3714680364547933, 1.8297884493872318, 2.3054992873572306, 2.7759166412066425, 3.254890909971391, 3.7393738075646814, 4.226694903638457, 4.715685085538005, 5.206766928093471, 5.678487240062659, 5.961367331941024, 6.209823176276018, 6.527457926196847, 6.868682365464652, 7.07781728268956, 7.377516527814639, 7.873127303873606, 8.36926024017786, 8.736735522138172, 9.018864236782804, 9.466210870948672, 9.918587822115292, 10.375337127860508, 10.840794973198994, 11.319954196379722, 11.800842781993714, 12.271137608055795, 12.735539509126506, 13.208944854242468, 13.667761081974183, 14.123468281472046, 14.582078713323616, 15.05872747233394, 15.541227892758185, 16.024801270008467, 16.5093533208265, 16.994800334234732
cavity_glu_prot_Q10_EM_100kJ_water.pdb, 1, 1, 0.7618919309498933, 0.2719505562537119, 2.2088447990493236, -, -, -, 1.1235622673504535, 19.09471639670102, , length, 0.0, 0.5, 1.0, 1.5, 2.0, 2.5, 3.0, 3.5, 4.0, 4.5, 5.0, 5.5, 6.0, 6.5, 7.0, 7.5, 8.0, 8.5, 9.0, 9.5, 10.0, 10.5, 11.0, 11.5, 12.0, 12.5, 13.0, 13.5, 14.0, 14.5, 15.0, 15.5, 16.0, 16.5, 17.0, 17.5, 18.0, 18.5, 19.0, 19.5
cavity_glu_prot_Q10_EM_100kJ_water.pdb, 1, 1, 0.7618919309498933, 0.2719505562537119, 2.2088447990493236, -, -, -, 1.1235622673504535, 19.09471639670102, , R, 3.2447462082918053, 3.2025553703908587, 3.149920068103647, 2.9979869760992193, 2.90175385708436, 2.865178317947957, 2.7725531229902884, 2.7388715333677327, 2.7684051705652912, 2.8547768465436514, 2.9924677808178464, 3.1831902663613727, 3.401224726832689, 3.548643307967996, 3.582308435488012, 3.5588400518567855, 3.580477987353598, 3.5376824376853433, 3.4216844489831404, 3.203568558401237, 3.033540474721752, 2.9071853976145228, 2.780556452168282, 2.629714949068558, 2.540134157131239, 2.51624682113021, 2.5519481461967155, 2.6362566183510703, 2.782036513134428, 2.93137834136545, 2.9679377062052605, 2.9627050984289935, 2.9725629955589, 2.8665893300632534, 2.820449677195466, 2.627961906778613, 2.427853544591902, 2.2884595916060073, 2.217218064965686, 2.218392646374567
cavity_glu_prot_Q10_EM_100kJ_water.pdb, 1, 1, 0.7618919309498933, 0.2719505562537119, 2.2088447990493236, -, -, -, 1.1235622673504535, 19.09471639670102, , Upper limit of R overestimation, -, -, -, -, -, -, -, -, -, -, -, -, -, -, -, -, -, -, -, -, -, -, -, -, -, -, -, -, -, -, -, -, -, -, -, -, -, -, -, -
cavity_glu_prot_Q10_EM_100kJ_water.pdb, 2, 2, 0.6689124942460088, 0.40210202823717134, 1.5933009527548767, -, -, -, 1.5378163155688562, 20.214107540233673, , X, -78.96797035058613, -79.11983577867295, -79.27170120675977, -79.16619333361452, -79.04549680238112, -78.79552994013719, -78.53073738534722, -78.26594483055726, -77.99552277362511, -77.71388177796453, -77.43224078230394, -77.15143077566327, -77.07027280427207, -76.99849130947761, -76.92670981468315, -76.82061800370103, -76.63070356000115, -76.37266522544847, -75.9818726864028, -75.6245940989756, -75.325469454962, -75.0355748494822, -74.70800897969578, -74.32210034890237, -73.86322853635328, -73.40435672380417, -73.06929905180844, -72.79237291962573, -72.54169190759823, -72.29101089557074, -72.04110024310249, -71.6398304901359, -71.22954532169622, -70.86231420802385, -70.59345617074274, -70.24085694717496, -69.83582573107343, -69.56804752676257, -69.32590093812686, -68.92714999420342, -68.52491052432707, -68.12267105445072
cavity_glu_prot_Q10_EM_100kJ_water.pdb, 2, 2, 0.6689124942460088, 0.40210202823717134, 1.5933009527548767, -, -, -, 1.5378163155688562, 20.214107540233673, , Y, -6.963370495991634, -6.864961725883243, -6.766552955774852, -6.478045206432129, -6.192032838756519, -6.195911300994543, -6.243008107370175, -6.2901049137458065, -6.372237960060602, -6.524194130912087, -6.676150301763573, -6.828066472093239, -6.957265657252009, -7.085357136462533, -7.213448615673057, -7.31201070174197, -7.529037879902582, -7.777718598473466, -7.981822367965398, -8.308253043141022, -8.627496536029732, -8.813655143622547, -9.009637671923363, -9.21237021566793, -9.408001546254605, -9.60363287684128, -9.846280368320716, -9.802537799583549, -9.839382244580241, -9.876226689576932, -9.924944918416925, -9.930396332342516, -9.93229619306815, -10.027056279782764, -10.333990252425114, -10.55582759636275, -10.588342613286477, -10.941103573114695, -11.332088712028897, -11.63101964775291, -11.927229201562293, -12.223438755371676
cavity_glu_prot_Q10_EM_100kJ_water.pdb, 2, 2, 0.6689124942460088, 0.40210202823717134, 1.5933009527548767, -, -, -, 1.5378163155688562, 20.214107540233673, , Z, -24.815941376120055, -25.28204501879812, -25.748148661476183, -26.126101933914107, -26.511883735013527, -26.93534758314204, -27.356852973092177, -27.778358363042315, -28.187389499391962, -28.571560908665827, -28.95573231793969, -29.340506847778386, -29.81444684767029, -30.29240080984524, -30.77035477202019, -31.246430685550823, -31.642183106766726, -31.97371963875989, -32.20956459356161, -32.31719202997092, -32.45463036570038, -32.81699218837603, -33.138283537871324, -33.34402723513535, -33.30989452148997, -33.275761807844596, -33.18671762134931, -32.77931284402547, -32.3482658430131, -31.91721884200074, -31.48713781232142, -31.193389731912543, -30.907623269416256, -30.62087986568019, -30.33190427462216, -30.07195147250432, -29.791595816522936, -29.938677379343975, -30.118978738478464, -30.1024483161281, -30.080923699856466, -30.05939908358483
cavity_glu_prot_Q10_EM_100kJ_water.pdb, 2, 2, 0.6689124942460088, 0.40210202823717134, 1.5933009527548767, -, -, -, 1.5378163155688562, 20.214107540233673, , distance, 0.0, 0.5000000000000001, 1.0000000000000004, 1.4111533137423136, 1.8647232011443498, 2.260666269378278, 2.6769995107320144, 3.118018726597738, 3.558335905010553, 3.9837535190902416, 4.424797146631756, 4.877480488271253, 5.346620446175331, 5.821111265304647, 6.299549391079754, 6.788509766763394, 7.237428535385625, 7.657190162305025, 8.038637182822647, 8.32199706785326, 8.624772329243894, 9.10516895805141, 9.570572568767055, 9.96846809847861, 10.206951062762409, 10.46390671617765, 10.638392142174986, 10.469678110759663, 10.310403002763096, 10.17323254505924, 10.062669349427114, 10.15759438344992, 10.286220394859514, 10.430011646725916, 10.579197133455327, 10.802495013065224, 11.013338518049862, 11.420303572383903, 11.83965399293356, 12.269970564750365, 12.705015964293487, 13.144682713784473
cavity_glu_prot_Q10_EM_100kJ_water.pdb, 2, 2, 0.6689124942460088, 0.40210202823717134, 1.5933009527548767, -, -, -, 1.5378163155688562, 20.214107540233673, , length, 0.0, 0.5, 1.0, 1.5, 2.0, 2.5, 3.0, 3.5, 4.0, 4.5, 5.0, 5.5, 6.0, 6.5, 7.0, 7.5, 8.0, 8.5, 9.0, 9.5, 10.0, 10.5, 11.0, 11.5, 12.0, 12.5, 13.0, 13.5, 14.0, 14.5, 15.0, 15.5, 16.0, 16.5, 17.0, 17.5, 18.0, 18.5, 19.0, 19.5, 20.0, 20.5
cavity_glu_prot_Q10_EM_100kJ_water.pdb, 2, 2, 0.6689124942460088, 0.40210202823717134, 1.5933009527548767, -, -, -, 1.5378163155688562, 20.214107540233673, , R, 3.2447462082918053, 3.2889432166446664, 3.3875324029804883, 3.3936823868810384, 3.406066594159978, 3.212872239875649, 3.032559929315985, 2.905567647115019, 2.809170201038783, 2.7174061664355476, 2.6882767963144234, 2.72279317447999, 2.7343116807599017, 2.804692027696478, 2.9347682005195512, 3.0986655228403395, 3.1756484756677787, 3.208771131388624, 3.144599840025638, 3.039093284234352, 2.921300659569728, 2.848541518478469, 2.7977870435310663, 2.721640093575237, 2.5430624106106006, 2.42515812012597, 2.269801793580327, 2.119266678492112, 1.955057693789185, 1.8645141245111947, 1.8452869683762272, 1.8043676969421092, 1.8407170126524284, 1.8963252678014688, 1.8925324331647346, 1.9921726158239064, 2.089410976399238, 1.9698284449489212, 1.8482345118538623, 1.6862245789226435, 1.6022391312541127, 1.6062066883047705
cavity_glu_prot_Q10_EM_100kJ_water.pdb, 2, 2, 0.6689124942460088, 0.40210202823717134, 1.5933009527548767, -, -, -, 1.5378163155688562, 20.214107540233673, , Upper limit of R overestimation, -, -, -, -, -, -, -, -, -, -, -, -, -, -, -, -, -, -, -, -, -, -, -, -, -, -, -, -, -, -, -, -, -, -, -, -, -, -, -, -, -, -
cavity_glu_prot_Q10_EM_100kJ_water.pdb, 3, 3, 0.6269202752257256, 0.4669358991838516, 1.1484139878237112, -, -, -, 1.1760509485731339, 17.895077041721365, , X, -78.96797035058613, -79.11983577867295, -79.27170120675977, -79.65805909076342, -80.0714193511051, -80.48477961144681, -80.89946548865883, -81.34825436333372, -81.79275451667169, -82.23480830400797, -82.65559458149335, -83.07247466899929, -83.51741163153686, -83.9688479865226, -84.44149249595867, -84.86253838701458, -85.29374247408917, -85.74545332898744, -86.22620022940956, -86.70694712983169, -87.17044484052933, -87.59045617719914, -87.89976100337148, -88.24149761148291, -88.68853516585231, -89.14259336724129, -89.59655876366367, -90.05047098056554, -90.50438319746739, -90.96013417267356, -91.45087930915996, -91.90887131471716, -92.0954097042377, -92.43379253615666, -92.77218035781321, -93.20316426053513, -93.63414816325707, -93.88544380002044
cavity_glu_prot_Q10_EM_100kJ_water.pdb, 3, 3, 0.6269202752257256, 0.4669358991838516, 1.1484139878237112, -, -, -, 1.1760509485731339, 17.895077041721365, , Y, -6.963370495991634, -6.864961725883243, -6.766552955774852, -6.631608344281475, -6.492456541835844, -6.3533047393902145, -6.215410722974383, -6.2448355619619385, -6.339499349887122, -6.42923092119699, -6.476084212895335, -6.540580771824281, -6.680869320240028, -6.829533376957218, -6.769663234711548, -6.628361718589785, -6.67073513992919, -6.7345660675440895, -6.747568856469789, -6.760571645395487, -6.871521197559853, -7.108636818167658, -7.468963100027964, -7.650631067900124, -7.761297796866891, -7.933873690215959, -8.115211337009157, -8.301569683277098, -8.487928029545039, -8.663975963802317, -8.643082130607956, -8.605723939670499, -8.803670906899248, -8.682589299163755, -8.442477401046737, -8.680592541051633, -8.91870768105653, -9.193186393697852
cavity_glu_prot_Q10_EM_100kJ_water.pdb, 3, 3, 0.6269202752257256, 0.4669358991838516, 1.1484139878237112, -, -, -, 1.1760509485731339, 17.895077041721365, , Z, -24.815941376120055, -25.28204501879812, -25.748148661476183, -26.01551314234147, -26.259992325599214, -26.50447150885696, -26.736174498218343, -26.53822568780859, -26.329758949602766, -26.115359366385228, -25.84938252954218, -25.583020368591384, -25.69096654869144, -25.80903746799421, -25.67212978553853, -25.448452047849656, -25.50266943707751, -25.67852391681088, -25.81532064635759, -25.9521173759043, -25.974327403875467, -25.9100570367972, -25.778310272521093, -25.573449088052115, -25.595960171850137, -25.714487429416405, -25.81875415356068, -25.914849242527374, -26.010944331494073, -26.106748416483892, -26.19933204377868, -26.342612655745853, -26.7311544621395, -26.732339454708953, -26.51193416467098, -26.598848235424967, -26.685762306178958, -26.82366613403168
cavity_glu_prot_Q10_EM_100kJ_water.pdb, 3, 3, 0.6269202752257256, 0.4669358991838516, 1.1484139878237112, -, -, -, 1.1760509485731339, 17.895077041721365, , distance, 0.0, 0.5000000000000001, 1.0000000000000004, 1.4231166561256998, 1.8774032048701295, 2.350324354290467, 2.8244313646562307, 3.024616948152494, 3.2650060394575933, 3.5561246340228276, 3.8605726269109755, 4.1969175630961155, 4.641432099659894, 5.100287183261032, 5.543466945096615, 5.937864343926366, 6.369664342790158, 6.83598388152732, 7.329886100564319, 7.824562918527198, 8.284375790673087, 8.692839191739363, 8.997703153538696, 9.32976167358697, 9.784400729066919, 10.260224899627836, 10.73774941243463, 11.216960184345727, 11.697911313997645, 12.180732117093092, 12.671156892047119, 13.133733962337047, 13.393446559830922, 13.709728736273497, 13.986434953161824, 14.448818431790393, 14.913629519693224, 15.216243023682695
cavity_glu_prot_Q10_EM_100kJ_water.pdb, 3, 3, 0.6269202752257256, 0.4669358991838516, 1.1484139878237112, -, -, -, 1.1760509485731339, 17.895077041721365, , length, 0.0, 0.5, 1.0, 1.5, 2.0, 2.5, 3.0, 3.5, 4.0, 4.5, 5.0, 5.5, 6.0, 6.5, 7.0, 7.5, 8.0, 8.5, 9.0, 9.5, 10.0, 10.5, 11.0, 11.5, 12.0, 12.5, 13.0, 13.5, 14.0, 14.5, 15.0, 15.5, 16.0, 16.5, 17.0, 17.5, 18.0, 18.5
cavity_glu_prot_Q10_EM_100kJ_water.pdb, 3, 3, 0.6269202752257256, 0.4669358991838516, 1.1484139878237112, -, -, -, 1.1760509485731339, 17.895077041721365, , R, 3.2447462082918053, 3.2889432166446664, 3.3875324029804883, 3.3525963368597322, 3.3507607371548156, 3.4035544058119944, 3.5010482627620103, 3.2737480862589337, 3.0293962840713267, 2.8341202514831956, 2.7080874180241983, 2.6263673116056285, 2.469356909726299, 2.335831852007227, 2.2557134866401958, 2.2507968443750306, 2.241365602896212, 2.2265870421673783, 2.2759255386036488, 2.3948042981899285, 2.427527310240169, 2.377956378583077, 2.243635312036247, 2.1888211786975322, 1.9141726697565116, 1.6195449722880852, 1.3800911164640286, 1.2162527449734817, 1.1494008780808727, 1.1828202009922852, 1.2253014864642682, 1.305488432651759, 1.2705704232419135, 1.3881325899576977, 1.5944735492790765, 1.5903455815237117, 1.67453900843899, 1.7219347349687493
cavity_glu_prot_Q10_EM_100kJ_water.pdb, 3, 3, 0.6269202752257256, 0.4669358991838516, 1.1484139878237112, -, -, -, 1.1760509485731339, 17.895077041721365, , Upper limit of R overestimation, -, -, -, -, -, -, -, -, -, -, -, -, -, -, -, -, -, -, -, -, -, -, -, -, -, -, -, -, -, -, -, -, -, -, -, -, -, -
cavity_glu_prot_Q10_EM_100kJ_water.pdb, 4, 4, 0.3534752566037663, 1.0399417915584852, 0.9254433165468667, -, -, -, 1.3285933442377094, 24.89519559360636, , X, -78.96797035058613, -78.7185195237219, -78.47503232552837, -78.24512917073089, -78.01522601593342, -77.78532286113595, -77.70368708142148, -77.62549591286064, -77.54730474429982, -77.46652035873882, -77.38206531875193, -77.29761027876502, -77.21242416034613, -77.27608893920478, -77.52273152221422, -77.89135079085712, -78.23624646815152, -78.50645127548522, -78.90433855665779, -79.30616506442081, -79.70799157218384, -80.01139710442175, -80.24903598129362, -80.34990720404535, -80.32307996701185, -80.29757902873426, -80.27207809045667, -80.24657715217909, -80.25599485363267, -80.29429653404, -80.4673764621048, -80.65954687811056, -80.93519242596761, -81.16761930471408, -81.29011491775663, -81.3278726873696, -81.36563045698259, -81.68119361722945, -82.03251983464342, -82.4257206434996, -82.81892145235578, -83.21212226121196, -83.46542167295473, -83.79277808714447, -84.10248890659568, -84.17742934179299, -84.06800743637895, -84.11670105899317, -84.17957240039634, -84.3395841706457, -84.49959594089503, -84.65960771114439
cavity_glu_prot_Q10_EM_100kJ_water.pdb, 4, 4, 0.3534752566037663, 1.0399417915584852, 0.9254433165468667, -, -, -, 1.3285933442377094, 24.89519559360636, , Y, -6.963370495991634, -6.957232342296568, -7.063381924228829, -7.425302205148433, -7.787222486068036, -8.149142766987639, -8.447124841719605, -8.743621476663787, -9.04011811160797, -9.354987337454684, -9.695862652304898, -10.036737967155112, -10.400591095691603, -10.371619947443925, -10.330720772815717, -10.130677178741983, -10.06855678897222, -10.395515559327757, -10.16225380340922, -9.873907978083112, -9.585562152757003, -9.37574095560837, -9.217765491160861, -9.187573925207962, -9.147679026743813, -9.022900442601392, -8.89812185845897, -8.773343274316547, -8.654035375260008, -8.308295457583045, -8.170227155102932, -8.47767722240986, -8.418831685251924, -8.250269809611511, -7.835572081397262, -7.607700316013469, -7.379828550629676, -7.136661527826172, -6.918982439906273, -6.9043929467708836, -6.889803453635493, -6.875213960500104, -6.684362400614789, -6.364375341204903, -6.040494415751219, -5.664806541261098, -5.446560666562272, -5.409714285373383, -5.361019746289194, -5.328349291347804, -5.295678836406415, -5.263008381465026
cavity_glu_prot_Q10_EM_100kJ_water.pdb, 4, 4, 0.3534752566037663, 1.0399417915584852, 0.9254433165468667, -, -, -, 1.3285933442377094, 24.89519559360636, , Z, -24.815941376120055, -24.382655548927463, -24.00308640861509, -23.745873948432372, -23.488661488249658, -23.23144902806694, -22.8396382476067, -22.444700421327845, -22.04976259504899, -21.670982455234867, -21.31507324497672, -20.95916403471857, -20.650753570211844, -20.226902976538824, -19.802545249465616, -19.540750051780957, -19.287866031837982, -19.02645472179233, -18.932470096729155, -18.859038886225896, -18.78560767572264, -18.500917491712986, -18.09322321479991, -17.61929923093792, -17.130651362277963, -16.647143340538534, -16.16363531879911, -15.68012729705968, -15.196085178300292, -14.955106036182478, -14.506797568326531, -14.230066252455916, -13.817081101750494, -13.461184143293263, -13.224388865992971, -12.78093784347219, -12.337486820951408, -12.068003143842258, -11.806059317658042, -11.497546318572265, -11.18903331948649, -10.880520320400715, -10.556011239087155, -10.354899181022372, -10.145384203813958, -9.824070413052443, -9.449935535158104, -8.95367826789647, -8.462148119988038, -7.989571274643715, -7.516994429299392, -7.044417583955069
cavity_glu_prot_Q10_EM_100kJ_water.pdb, 4, 4, 0.3534752566037663, 1.0399417915584852, 0.9254433165468667, -, -, -, 1.3285933442377094, 24.89519559360636, , distance, 0.0, 0.5000000000000022, 0.9558887908765222, 1.3714680364547933, 1.8297884493872318, 2.3054992873572306, 2.7759166412066425, 3.254890909971391, 3.7393738075646814, 4.226694903638457, 4.715685085538005, 5.206766928093471, 5.678487240062659, 5.961367331941024, 6.209823176276018, 6.246485796619456, 6.382571485404535, 6.7461674536808935, 6.697173860300403, 6.638545877918775, 6.617283810701612, 6.840160618412637, 7.2054399880207, 7.658230117154888, 8.103777417162148, 8.528703546501644, 8.96138158663675, 9.400741231334619, 9.851852014782354, 10.040121408558205, 10.487286004141794, 10.826601874270539, 11.267797358064977, 11.637228071204234, 11.85399428848593, 12.281107848519696, 12.713537642312115, 13.034628473813088, 13.366019041391892, 13.760056771262562, 14.1607859839024, 14.56765447885845, 14.954949730019825, 15.25645129965048, 15.570492246791307, 15.92422451169479, 16.261156964976152, 16.749169126944697, 17.238760910081876, 17.738496558709443, 18.238246697852468, 18.73801016810766
cavity_glu_prot_Q10_EM_100kJ_water.pdb, 4, 4, 0.3534752566037663, 1.0399417915584852, 0.9254433165468667, -, -, -, 1.3285933442377094, 24.89519559360636, , length, 0.0, 0.5, 1.0, 1.5, 2.0, 2.5, 3.0, 3.5, 4.0, 4.5, 5.0, 5.5, 6.0, 6.5, 7.0, 7.5, 8.0, 8.5, 9.0, 9.5, 10.0, 10.5, 11.0, 11.5, 12.0, 12.5, 13.0, 13.5, 14.0, 14.5, 15.0, 15.5, 16.0, 16.5, 17.0, 17.5, 18.0, 18.5, 19.0, 19.5, 20.0, 20.5, 21.0, 21.5, 22.0, 22.5, 23.0, 23.5, 24.0, 24.5, 25.0, 25.5
cavity_glu_prot_Q10_EM_100kJ_water.pdb, 4, 4, 0.3534752566037663, 1.0399417915584852, 0.9254433165468667, -, -, -, 1.3285933442377094, 24.89519559360636, , R, 3.2447462082918053, 3.2025553703908587, 3.149920068103647, 2.9979869760992193, 2.90175385708436, 2.865178317947957, 2.7725531229902884, 2.7388715333677327, 2.7684051705652912, 2.8547768465436514, 2.9924677808178464, 3.1831902663613727, 3.401224726832689, 3.548643307967996, 3.582308435488012, 3.4617198833198106, 3.398212070272905, 3.436602500308794, 3.2748553493317925, 3.1404607799552338, 3.060853103219559, 2.881389339651607, 2.658569794472866, 2.3938909374769333, 2.0793487819555043, 1.7678867156763365, 1.5134064716630846, 1.3331399100401338, 1.2159982299204521, 1.0398439464842337, 0.9286414039227686, 1.001022311356251, 0.9996446791109472, 1.0454525266149572, 1.0410488495442525, 1.0621403786318078, 1.19003310421201, 1.1630978854461793, 1.1638639746908852, 1.0953076133289128, 1.1343138582397099, 1.2758039780512191, 1.3201782725967164, 1.3133271456198374, 1.397607433514256, 1.4862225777225493, 1.462895639728005, 1.3343190727536498, 1.2825387077565005, 1.2470118742016305, 1.3125158286980432, 1.4716295526200247
cavity_glu_prot_Q10_EM_100kJ_water.pdb, 4, 4, 0.3534752566037663, 1.0399417915584852, 0.9254433165468667, -, -, -, 1.3285933442377094, 24.89519559360636, , Upper limit of R overestimation, -, -, -, -, -, -, -, -, -, -, -, -, -, -, -, -, -, -, -, -, -, -, -, -, -, -, -, -, -, -, -, -, -, -, -, -, -, -, -, -, -, -, -, -, -, -, -, -, -, -, -, -
cavity_glu_prot_Q10_EM_100kJ_water.pdb, 5, 5, 0.29451503844265653, 1.2224252128728195, 0.9670806064103277, -, -, -, 2.0135171817516593, 34.67714135277356, , X, -78.96797035058613, -78.7185195237219, -78.47503232552837, -78.24512917073089, -78.01522601593342, -77.78532286113595, -77.70368708142148, -77.62549591286064, -77.54730474429982, -77.46652035873882, -77.38206531875193, -77.29761027876502, -77.21242416034613, -77.27608893920478, -77.52273152221422, -77.82442574034934, -78.12902304898653, -78.30699456171926, -78.39279633096498, -78.35077615989722, -78.30875598882946, -78.41158981886088, -78.61841776962001, -78.63192521038405, -78.6454326511481, -78.65894009191216, -78.70522881514759, -78.82677854791167, -78.94832828067577, -79.06987801343985, -79.3932012186206, -79.7591056502042, -80.12501008178779, -80.51954305159228, -80.93876206769683, -81.42403977494261, -81.9093174821884, -82.3918988380715, -82.76385150768867, -83.02191169356672, -83.49637157151828, -83.9457392368946, -84.36727209856602, -84.80743240810187, -85.15274031698918, -85.51776866708082, -85.73172184016533, -86.01136110989576, -86.21466043970085, -86.36193816273871, -86.75374782417401, -87.14722396529244, -87.54809243007082, -88.01619624387224, -88.33076529232042, -88.70876308643831, -89.05724644898434, -89.44783840748235, -89.76402195543103, -90.18163411943158, -90.3790241551248, -90.56671115934364, -90.86054661174535, -90.9020037995724, -90.93868008024963, -90.97535636092687, -91.01203264160411, -91.05617105459224, -91.09976404090555, -90.97670542679253, -90.85741106977194, -90.74419439321791
cavity_glu_prot_Q10_EM_100kJ_water.pdb, 5, 5, 0.29451503844265653, 1.2224252128728195, 0.9670806064103277, -, -, -, 2.0135171817516593, 34.67714135277356, , Y, -6.963370495991634, -6.957232342296568, -7.063381924228829, -7.425302205148433, -7.787222486068036, -8.149142766987639, -8.447124841719605, -8.743621476663787, -9.04011811160797, -9.354987337454684, -9.695862652304898, -10.036737967155112, -10.400591095691603, -10.371619947443925, -10.330720772815717, -10.588528441543218, -10.866034756924856, -11.27548195025069, -11.765440299212145, -12.1393308476721, -12.513221396132055, -12.89191463735892, -13.308421036443345, -13.78303905496774, -14.257657073492132, -14.732275092016526, -15.193555294210512, -15.624213829213456, -16.0548723642164, -16.48553089921934, -16.672459709317494, -16.807953063243076, -16.943446417168662, -16.949524125760167, -16.832659926264764, -16.722971968557882, -16.613284010851004, -16.494537941137907, -16.458593910216912, -16.54875705420929, -16.527394489247225, -16.569713645130964, -16.410551345967527, -16.24815808739851, -15.915348154209806, -15.594477198655238, -15.19790585304843, -15.01249713270506, -14.735588304133465, -14.377159808577161, -14.191894966356378, -13.984183033903392, -13.80135068115258, -13.933747555134566, -14.25293661626527, -14.479914189592654, -14.248757561812516, -14.036215452306363, -13.723626862585975, -13.493904076869217, -13.042369235182816, -12.632689213687927, -12.567061701094062, -12.40263318092843, -12.232900942863484, -12.06316870479854, -11.893436466733595, -11.675705665315451, -11.481795405917872, -11.184934230492209, -11.011418615674764, -11.037053825560738
cavity_glu_prot_Q10_EM_100kJ_water.pdb, 5, 5, 0.29451503844265653, 1.2224252128728195, 0.9670806064103277, -, -, -, 2.0135171817516593, 34.67714135277356, , Z, -24.815941376120055, -24.382655548927463, -24.00308640861509, -23.745873948432372, -23.488661488249658, -23.23144902806694, -22.8396382476067, -22.444700421327845, -22.04976259504899, -21.670982455234867, -21.31507324497672, -20.95916403471857, -20.650753570211844, -20.226902976538824, -19.802545249465616, -19.50950730299028, -19.226292323700182, -19.24240539797129, -19.244850767421543, -18.91554822720093, -18.586245686980313, -18.422714283988277, -18.416093037778495, -18.25939177570322, -18.102690513627945, -17.945989251552668, -17.769151854607554, -17.546084849664872, -17.323017844722195, -17.099950839779513, -16.802904333356626, -16.490245576899234, -16.177586820441846, -15.883744960215624, -15.716822323899816, -15.766562637372537, -15.816302950845259, -15.834273078359272, -16.137710624907985, -16.44213948493391, -16.5984451631175, -16.80959697694807, -16.995540544001816, -17.16842007280916, -17.224230931002587, -17.18130232672693, -17.065995843536108, -17.433913332131297, -17.778598455719507, -18.065960556661665, -18.306897774270357, -18.53500362576742, -18.74342659990962, -18.698760782811537, -18.47702973624181, -18.27199814681288, -18.036037927214263, -17.858735160963054, -17.637829300813344, -17.521648543405874, -17.43707041058025, -17.326049815152427, -16.951893599946693, -16.484106678444306, -16.01522949004936, -15.546352301654412, -15.077475113259467, -14.639204596866286, -14.219706987753465, -13.836653440560022, -13.414096503990946, -12.927758329297488
cavity_glu_prot_Q10_EM_100kJ_water.pdb, 5, 5, 0.29451503844265653, 1.2224252128728195, 0.9670806064103277, -, -, -, 2.0135171817516593, 34.67714135277356, , distance, 0.0, 0.5000000000000022, 0.9558887908765222, 1.3714680364547933, 1.8297884493872318, 2.3054992873572306, 2.7759166412066425, 3.254890909971391, 3.7393738075646814, 4.226694903638457, 4.715685085538005, 5.206766928093471, 5.678487240062659, 5.961367331941024, 6.209823176276018, 6.527457926196847, 6.868682365464652, 7.07781728268956, 7.377516527814639, 7.873127303873606, 8.36926024017786, 8.736735522138172, 9.018864236782804, 9.466210870948672, 9.918587822115292, 10.375337127860508, 10.837998776885708, 11.30844623646407, 11.781328239134183, 12.256362995336048, 12.59587223228899, 12.917387952945287, 13.249974557018712, 13.487578543835909, 13.567640228765296, 13.53415507070433, 13.519091891785227, 13.53649897742511, 13.411922696473496, 13.357942730661023, 13.397918367120312, 13.459627127921092, 13.400013229578754, 13.37128190650781, 13.267379206650581, 13.254568054600634, 13.176401728750582, 12.995850531781839, 12.745433781718935, 12.457819754740873, 12.459436002390754, 12.475663405606534, 12.540012106007259, 12.956714343293587, 13.452936635582224, 13.935733393296498, 14.171712940397303, 14.431059856650853, 14.621254712308982, 14.886263194672878, 14.88670921752859, 14.925496261987822, 15.319202742818156, 15.53789568592422, 15.764465492492784, 16.003454070335234, 16.254313645880686, 16.48928956876543, 16.729517776203796, 16.80999946659412, 16.963123553237494, 17.22217305471721
cavity_glu_prot_Q10_EM_100kJ_water.pdb, 5, 5, 0.29451503844265653, 1.2224252128728195, 0.9670806064103277, -, -, -, 2.0135171817516593, 34.67714135277356, , length, 0.0, 0.5, 1.0, 1.5, 2.0, 2.5, 3.0, 3.5, 4.0, 4.5, 5.0, 5.5, 6.0, 6.5, 7.0, 7.5, 8.0, 8.5, 9.0, 9.5, 10.0, 10.5, 11.0, 11.5, 12.0, 12.5, 13.0, 13.5, 14.0, 14.5, 15.0, 15.5, 16.0, 16.5, 17.0, 17.5, 18.0, 18.5, 19.0, 19.5, 20.0, 20.5, 21.0, 21.5, 22.0, 22.5, 23.0, 23.5, 24.0, 24.5, 25.0, 25.5, 26.0, 26.5, 27.0, 27.5, 28.0, 28.5, 29.0, 29.5, 30.0, 30.5, 31.0, 31.5, 32.0, 32.5, 33.0, 33.5, 34.0, 34.5, 35.0, 35.5
cavity_glu_prot_Q10_EM_100kJ_water.pdb, 5, 5, 0.29451503844265653, 1.2224252128728195, 0.9670806064103277, -, -, -, 2.0135171817516593, 34.67714135277356, , R, 3.2447462082918053, 3.2025553703908587, 3.149920068103647, 2.9979869760992193, 2.90175385708436, 2.865178317947957, 2.7725531229902884, 2.7388715333677327, 2.7684051705652912, 2.8547768465436514, 2.9924677808178464, 3.1831902663613727, 3.401224726832689, 3.548643307967996, 3.582308435488012, 3.5588400518567855, 3.580477987353598, 3.5376824376853433, 3.4216844489831404, 3.203568558401237, 3.033540474721752, 2.9071853976145228, 2.780556452168282, 2.629714949068558, 2.540134157131239, 2.51624682113021, 2.5254118471214406, 2.52350310727336, 2.588173352563988, 2.716125548073947, 2.6260963787625995, 2.539162910127744, 2.5180189667845596, 2.452668388109429, 2.2815358413009257, 2.003222114582062, 1.7833156079154995, 1.6177744434626342, 1.4424105043777875, 1.2794483644687416, 1.1723218137258307, 1.1281208661463362, 1.1308710685740995, 1.2187075351005554, 1.297884032277629, 1.3709113876602677, 1.372843956607351, 1.2276745288833568, 1.104198904264736, 1.0270570598872057, 0.9762583165143985, 1.018265636310774, 1.152816366835559, 1.1955852317636546, 1.1827385962932306, 1.1763625236233841, 1.0505872051819118, 0.9675277036242658, 1.010946253402312, 1.0708046895423042, 1.1593856281606711, 1.3049059124513482, 1.2873035208454973, 1.1656551550412526, 1.144350809841851, 1.228093310941546, 1.406778382155266, 1.613973519522719, 1.6149793492540738, 1.552676964005464, 1.548670634984439, 1.583942838106528
cavity_glu_prot_Q10_EM_100kJ_water.pdb, 5, 5, 0.29451503844265653, 1.2224252128728195, 0.9670806064103277, -, -, -, 2.0135171817516593, 34.67714135277356, , Upper limit of R overestimation, -, -, -, -, -, -, -, -, -, -, -, -, -, -, -, -, -, -, -, -, -, -, -, -, -, -, -, -, -, -, -, -, -, -, -, -, -, -, -, -, -, -, -, -, -, -, -, -, -, -, -, -, -, -, -, -, -, -, -, -, -, -, -, -, -, -, -, -, -, -, -, -
cavity_glu_prot_Q10_EM_100kJ_water.pdb, 6, 6, 0.22560557144705817, 1.4889670635326007, 0.9320314199153572, -, -, -, 1.3373978832736741, 38.274873941525826, , X, -78.96797035058613, -78.7185195237219, -78.47503232552837, -78.24512917073089, -78.01522601593342, -77.78532286113595, -77.70368708142148, -77.62549591286064, -77.54730474429982, -77.46652035873882, -77.38206531875193, -77.29761027876502, -77.21242416034613, -77.27608893920478, -77.08254524762998, -76.81699037075293, -76.5479729625521, -76.27895555435126, -76.00993814615042, -75.69632128524779, -75.54856698668505, -75.09016955917203, -74.70100617693008, -74.29988380631994, -73.8861732420767, -73.43402970733968, -73.11610487871874, -72.649544921727, -72.18298496473525, -71.72291545031558, -71.31420939550321, -70.85370140717188, -70.41093218910454, -70.2182814751825, -70.11471106948217, -70.01114066378184, -69.90757025808152, -69.72359681556277, -69.3502211575175, -69.0128840057171, -68.72471107849897, -68.45394587504538, -68.18318067159177, -67.91241546813818, -67.74955323589033, -67.77006699687968, -67.68146748494249, -67.5928679730053, -67.5394543549696, -67.60772293575981, -67.40336353890892, -67.0367437153843, -66.59551712777912, -66.16773209976297, -65.81419183428683, -65.55280092498732, -65.38755641579434, -65.1815598385748, -64.86225597817572, -64.49918704972013, -64.16246068797008, -64.17618978382542, -63.749324290480544, -63.40740953926156, -63.164198835330595, -62.87451774769159, -62.506419139458764, -62.04787776474298, -61.553946320831145, -61.06001487691931, -60.56608343300748, -60.09352508355767, -59.7093117014774, -59.325098319397114, -59.01582609822428, -58.7077735979386, -58.347326732144545, -57.93088342148008, -57.56772671955055, -57.1971467720244
cavity_glu_prot_Q10_EM_100kJ_water.pdb, 6, 6, 0.22560557144705817, 1.4889670635326007, 0.9320314199153572, -, -, -, 1.3373978832736741, 38.274873941525826, , Y, -6.963370495991634, -6.957232342296568, -7.063381924228829, -7.425302205148433, -7.787222486068036, -8.149142766987639, -8.447124841719605, -8.743621476663787, -9.04011811160797, -9.354987337454684, -9.695862652304898, -10.036737967155112, -10.400591095691603, -10.371619947443925, -10.17565194725891, -9.830022599629215, -9.454516629475284, -9.079010659321352, -8.703504689167419, -8.376307638547159, -8.004724521449978, -8.039280749173404, -8.222981715415068, -8.226066007146887, -8.290861692743164, -8.29858807565797, -8.006041671997542, -7.873754909444379, -7.741468146891217, -7.592980009403897, -7.316278940706764, -7.141235022375418, -7.057726472816445, -7.181558078991112, -7.326955451767081, -7.472352824543051, -7.61775019731902, -7.69607064552437, -7.616380667418665, -7.65940159064016, -7.841828731130198, -8.055759419456132, -8.269690107782068, -8.483620796108003, -8.528710587889243, -8.374365411110196, -8.102962243479453, -7.831559075848709, -7.55210198341728, -7.382952477092519, -7.601520121976992, -7.808726205878994, -7.841905070726197, -7.839491484842772, -7.640482181385852, -7.45171315257459, -7.1821432688346105, -6.9230462042007055, -6.704369747520828, -6.5124730168659655, -6.184149629206277, -5.798595679025569, -5.538586698070406, -5.183885087652421, -4.781840710015025, -4.488756078938935, -4.237636568031602, -4.065168062580082, -3.987673502273304, -3.9101789419665254, -3.8326843816597465, -3.8197130829501593, -4.07344651670244, -4.32717995045472, -4.166378169870991, -3.998829532776576, -3.761961362528595, -3.504495244890783, -3.4713297156951044, -3.3614889432957304
cavity_glu_prot_Q10_EM_100kJ_water.pdb, 6, 6, 0.22560557144705817, 1.4889670635326007, 0.9320314199153572, -, -, -, 1.3373978832736741, 38.274873941525826, , Z, -24.815941376120055, -24.382655548927463, -24.00308640861509, -23.745873948432372, -23.488661488249658, -23.23144902806694, -22.8396382476067, -22.444700421327845, -22.04976259504899, -21.670982455234867, -21.31507324497672, -20.95916403471857, -20.650753570211844, -20.226902976538824, -19.838515075718984, -19.61510560546437, -19.423729273428098, -19.23235294139182, -19.040976609355546, -18.839175777384767, -18.545744791256315, -18.523589824460778, -18.4584110910658, -18.518200067353046, -18.599686243479333, -18.718483316027736, -18.609363977252446, -18.48761826281015, -18.365872548367854, -18.248813040638062, -18.168838798900026, -18.0857189827688, -18.01013636427635, -17.68448052607001, -17.217433660056635, -16.75038679404326, -16.283339928029886, -15.859260607394017, -15.536398213534387, -15.190645664069953, -14.82682351676698, -14.464995014308805, -14.10316651185063, -13.741338009392454, -13.363955290094522, -12.912740477109017, -12.502264598299444, -12.091788719489871, -11.693477636421363, -11.294237362415924, -10.912044783506515, -10.794565568750835, -10.561717417979272, -10.319764912670204, -10.027524296354379, -9.660320247610445, -9.272987922646491, -8.900097887709869, -8.583513535556808, -8.304635087845922, -8.187652234770155, -7.954295645391737, -7.967755972805899, -7.973526220583986, -8.051895351129104, -8.335067147908505, -8.517567861174943, -8.586013393033204, -8.59114387430003, -8.596274355566857, -8.601404836833684, -8.567562649361939, -8.372628245967592, -8.177693842573245, -7.823865710306438, -7.467451469183072, -7.254315671268625, -7.173678391966582, -6.909517239912928, -6.592333527830762
cavity_glu_prot_Q10_EM_100kJ_water.pdb, 6, 6, 0.22560557144705817, 1.4889670635326007, 0.9320314199153572, -, -, -, 1.3373978832736741, 38.274873941525826, , distance, 0.0, 0.5000000000000022, 0.9558887908765222, 1.3714680364547933, 1.8297884493872318, 2.3054992873572306, 2.7759166412066425, 3.254890909971391, 3.7393738075646814, 4.226694903638457, 4.715685085538005, 5.206766928093471, 5.678487240062659, 5.961367331941024, 6.216779915433494, 6.3160986273382935, 6.413902694684392, 6.548526069543799, 6.717755547064048, 6.958577871790167, 7.217485904678529, 7.469177324207962, 7.759625958043577, 7.940212688007864, 8.138103133015075, 8.34184031390015, 8.593782385553025, 8.988824901329634, 9.393873031039222, 9.798693954910723, 10.14340050476112, 10.543665858693045, 10.933928251394905, 11.28992449458958, 11.672605254594837, 12.063873000229078, 12.46291900405829, 12.892533574012223, 13.380487402596735, 13.86486642427274, 14.334522140417825, 14.794597487511158, 15.257185344643826, 15.722063937796364, 16.10748762151081, 16.40335751642504, 16.742474490820136, 17.0894928637414, 17.41139389095704, 17.665439417097865, 18.096013541991137, 18.430077993005547, 18.895298949696095, 19.358533501389488, 19.80347568522908, 20.24594035995084, 20.641194399144403, 21.056609765149133, 21.506510013082707, 21.958420573650134, 22.278022831871453, 22.4603777674826, 22.748594421590845, 22.999229755642975, 23.141985771353337, 23.167696228171362, 23.324863835728294, 23.62413327076197, 23.986393215370537, 24.353530466238865, 24.725327760369034, 25.102531293014838, 25.487842989653043, 25.877078722561063, 26.356059298995532, 26.837179017729564, 27.27399239341198, 27.672590909914348, 28.121251779120254, 28.61891320467536
cavity_glu_prot_Q10_EM_100kJ_water.pdb, 6, 6, 0.22560557144705817, 1.4889670635326007, 0.9320314199153572, -, -, -, 1.3373978832736741, 38.274873941525826, , length, 0.0, 0.5, 1.0, 1.5, 2.0, 2.5, 3.0, 3.5, 4.0, 4.5, 5.0, 5.5, 6.0, 6.5, 7.0, 7.5, 8.0, 8.5, 9.0, 9.5, 10.0, 10.5, 11.0, 11.5, 12.0, 12.5, 13.0, 13.5, 14.0, 14.5, 15.0, 15.5, 16.0, 16.5, 17.0, 17.5, 18.0, 18.5, 19.0, 19.5, 20.0, 20.5, 21.0, 21.5, 22.0, 22.5, 23.0, 23.5, 24.0, 24.5, 25.0, 25.5, 26.0, 26.5, 27.0, 27.5, 28.0, 28.5, 29.0, 29.5, 30.0, 30.5, 31.0, 31.5, 32.0, 32.5, 33.0, 33.5, 34.0, 34.5, 35.0, 35.5, 36.0, 36.5, 37.0, 37.5, 38.0, 38.5, 39.0, 39.5
cavity_glu_prot_Q10_EM_100kJ_water.pdb, 6, 6, 0.22560557144705817, 1.4889670635326007, 0.9320314199153572, -, -, -, 1.3373978832736741, 38.274873941525826, , R, 3.2447462082918053, 3.2025553703908587, 3.149920068103647, 2.9979869760992193, 2.90175385708436, 2.865178317947957, 2.7725531229902884, 2.7388715333677327, 2.7684051705652912, 2.8547768465436514, 2.9924677808178464, 3.1831902663613727, 3.401224726832689, 3.548643307967996, 3.404133979460556, 3.0898764236408676, 2.776309720451371, 2.503922009951391, 2.2823896276333917, 2.1069647140635768, 1.9016950790423228, 1.951059342104957, 1.9704514003478593, 1.8485175261712692, 1.762754933347421, 1.6551804128821963, 1.555163153045991, 1.4132010031517146, 1.3625602365298544, 1.4076610565080767, 1.5378404096508074, 1.7266716129100936, 1.9400271890661787, 1.7530701516595506, 1.4483515688528763, 1.2097528387509835, 1.0583293505357816, 0.9788703367291143, 0.9334567837709977, 0.9507721191136012, 1.0209840510259223, 1.1821756684234035, 1.4299718012833298, 1.7425741173099552, 1.923474963264238, 1.9573517321841332, 1.974953619802173, 2.069830426041036, 2.211118073004064, 2.2506837215790547, 2.3423104730836517, 2.272609343398406, 2.147819579627801, 2.079864842713558, 2.002944001772021, 1.8853971870052277, 1.7722668319277, 1.7185237387868864, 1.6842803418436205, 1.7053618142062252, 1.6124653720333801, 1.7241855946018576, 1.643420016067288, 1.6415119400283047, 1.6360425715677815, 1.5102558072289656, 1.3564455101424426, 1.1571736291791492, 0.991039069168749, 0.9319092117513146, 0.9884747135108427, 1.1100319073479523, 1.1593368597769225, 1.309321307214055, 1.2931168512653233, 1.3716196743081153, 1.390158303495636, 1.3898478511964052, 1.3611650691998183, 1.3526954691651365
cavity_glu_prot_Q10_EM_100kJ_water.pdb, 6, 6, 0.22560557144705817, 1.4889670635326007, 0.9320314199153572, -, -, -, 1.3373978832736741, 38.274873941525826, , Upper limit of R overestimation, -, -, -, -, -, -, -, -, -, -, -, -, -, -, -, -, -, -, -, -, -, -, -, -, -, -, -, -, -, -, -, -, -, -, -, -, -, -, -, -, -, -, -, -, -, -, -, -, -, -, -, -, -, -, -, -, -, -, -, -, -, -, -, -, -, -, -, -, -, -, -, -, -, -, -, -, -, -, -, -
cavity_glu_prot_Q10_EM_100kJ_water.pdb, 7, 7, 0.19473934113056424, 1.6360933267659747, 0.9327787934324647, -, -, -, 1.4288617775391057, 48.04098692248353, , X, -78.96797035058613, -78.7185195237219, -78.47503232552837, -78.24512917073089, -78.01522601593342, -77.78532286113595, -77.70368708142148, -77.62549591286064, -77.54730474429982, -77.46652035873882, -77.38206531875193, -77.29761027876502, -77.21242416034613, -77.27608893920478, -77.08254524762998, -76.81699037075293, -76.5479729625521, -76.27895555435126, -76.00993814615042, -75.69632128524779, -75.54856698668505, -75.09016955917203, -74.70100617693008, -74.29988380631994, -73.8861732420767, -73.43402970733968, -73.11610487871874, -72.649544921727, -72.18298496473525, -71.72291545031558, -71.31420939550321, -70.85370140717188, -70.41093218910454, -70.2182814751825, -70.11471106948217, -70.01114066378184, -69.90757025808152, -69.72359681556277, -69.3502211575175, -69.0128840057171, -68.72471107849897, -68.45394587504538, -68.18318067159177, -67.91241546813818, -67.74955323589033, -67.77006699687968, -67.68146748494249, -67.5928679730053, -67.5394543549696, -67.60772293575981, -67.40336353890892, -67.0367437153843, -66.59551712777912, -66.16773209976297, -65.81419183428683, -65.55280092498732, -65.38755641579434, -65.1815598385748, -64.86225597817572, -64.49918704972013, -64.16246068797008, -64.17618978382542, -63.749324290480544, -63.40740953926156, -63.28803469044792, -63.441207259759665, -63.52814421050185, -63.826495485031614, -64.12986056100712, -64.3910395200432, -64.63009800090214, -65.01770180993742, -65.40653264917108, -65.5978629189845, -65.89057759569847, -66.19094628377572, -66.49487651670437, -66.8171528340951, -67.13942915148583, -67.29011546402222, -67.02646616218833, -66.6622505918988, -66.30941872609117, -65.95658686028354, -65.6037549944759, -65.25092312866828, -65.00885397152042, -64.5543815737206, -64.27531292049396, -64.1660255608568, -64.05673820121963, -63.806520750010606, -63.48544691653353, -63.164373083056454, -62.810499927853705, -62.42244199124875, -62.0343840546438, -61.60410005987708, -61.152322621444746, -60.79454070931201
cavity_glu_prot_Q10_EM_100kJ_water.pdb, 7, 7, 0.19473934113056424, 1.6360933267659747, 0.9327787934324647, -, -, -, 1.4288617775391057, 48.04098692248353, , Y, -6.963370495991634, -6.957232342296568, -7.063381924228829, -7.425302205148433, -7.787222486068036, -8.149142766987639, -8.447124841719605, -8.743621476663787, -9.04011811160797, -9.354987337454684, -9.695862652304898, -10.036737967155112, -10.400591095691603, -10.371619947443925, -10.17565194725891, -9.830022599629215, -9.454516629475284, -9.079010659321352, -8.703504689167419, -8.376307638547159, -8.004724521449978, -8.039280749173404, -8.222981715415068, -8.226066007146887, -8.290861692743164, -8.29858807565797, -8.006041671997542, -7.873754909444379, -7.741468146891217, -7.592980009403897, -7.316278940706764, -7.141235022375418, -7.057726472816445, -7.181558078991112, -7.326955451767081, -7.472352824543051, -7.61775019731902, -7.69607064552437, -7.616380667418665, -7.65940159064016, -7.841828731130198, -8.055759419456132, -8.269690107782068, -8.483620796108003, -8.528710587889243, -8.374365411110196, -8.102962243479453, -7.831559075848709, -7.55210198341728, -7.382952477092519, -7.601520121976992, -7.808726205878994, -7.841905070726197, -7.839491484842772, -7.640482181385852, -7.45171315257459, -7.1821432688346105, -6.9230462042007055, -6.704369747520828, -6.5124730168659655, -6.184149629206277, -5.798595679025569, -5.538586698070406, -5.183885087652421, -4.748360103334745, -4.332178914952167, -3.98447109342669, -3.7734612192393366, -3.560689117474455, -3.309577173354685, -3.2190207880466337, -3.358287839856031, -3.522677611354047, -3.501620473472528, -3.499280207185978, -3.5285325424432856, -3.5540980138549716, -3.560671862716949, -3.567245711578927, -3.540290187822299, -3.4589514690227117, -3.2486768171879232, -3.009971794261842, -2.7712667713357604, -2.5325617484096794, -2.293856725483598, -1.941954750384193, -1.8790652359273303, -1.909792679180186, -1.9015142686170279, -1.89323585805387, -1.7601342016384114, -1.564274311510042, -1.3684144213816722, -1.1340470289722329, -0.8595455582171252, -0.5850440874620175, -0.4990002260263701, -0.45747841048758764, -0.10847621174840888
cavity_glu_prot_Q10_EM_100kJ_water.pdb, 7, 7, 0.19473934113056424, 1.6360933267659747, 0.9327787934324647, -, -, -, 1.4288617775391057, 48.04098692248353, , Z, -24.815941376120055, -24.382655548927463, -24.00308640861509, -23.745873948432372, -23.488661488249658, -23.23144902806694, -22.8396382476067, -22.444700421327845, -22.04976259504899, -21.670982455234867, -21.31507324497672, -20.95916403471857, -20.650753570211844, -20.226902976538824, -19.838515075718984, -19.61510560546437, -19.423729273428098, -19.23235294139182, -19.040976609355546, -18.839175777384767, -18.545744791256315, -18.523589824460778, -18.4584110910658, -18.518200067353046, -18.599686243479333, -18.718483316027736, -18.609363977252446, -18.48761826281015, -18.365872548367854, -18.248813040638062, -18.168838798900026, -18.0857189827688, -18.01013636427635, -17.68448052607001, -17.217433660056635, -16.75038679404326, -16.283339928029886, -15.859260607394017, -15.536398213534387, -15.190645664069953, -14.82682351676698, -14.464995014308805, -14.10316651185063, -13.741338009392454, -13.363955290094522, -12.912740477109017, -12.502264598299444, -12.091788719489871, -11.693477636421363, -11.294237362415924, -10.912044783506515, -10.794565568750835, -10.561717417979272, -10.319764912670204, -10.027524296354379, -9.660320247610445, -9.272987922646491, -8.900097887709869, -8.583513535556808, -8.304635087845922, -8.187652234770155, -7.954295645391737, -7.967755972805899, -7.973526220583986, -7.902364608143963, -7.671531129756001, -7.333980799879731, -6.99481420528249, -6.660232169031486, -6.318505389921209, -5.958090337580418, -5.675511932145986, -5.407581751898072, -4.963393423749125, -4.561574184038792, -4.162922767253709, -3.7669420624611507, -3.3847186202703172, -3.0024951780794833, -2.595484637649523, -2.1816493294025507, -1.9353854279647071, -1.6736038653966656, -1.411822302828624, -1.1500407402605826, -0.888259177692541, -0.666819930171539, -0.5149010719534545, -0.12187376625870341, 0.3659661059761166, 0.8538059782109368, 1.2362610410637178, 1.5657310653379122, 1.8952010896121065, 2.139295652212686, 2.2944084511404004, 2.4495212500681145, 2.50265393461601, 2.6417001786206176, 2.627931786344867
cavity_glu_prot_Q10_EM_100kJ_water.pdb, 7, 7, 0.19473934113056424, 1.6360933267659747, 0.9327787934324647, -, -, -, 1.4288617775391057, 48.04098692248353, , distance, 0.0, 0.5000000000000022, 0.9558887908765222, 1.3714680364547933, 1.8297884493872318, 2.3054992873572306, 2.7759166412066425, 3.254890909971391, 3.7393738075646814, 4.226694903638457, 4.715685085538005, 5.206766928093471, 5.678487240062659, 5.961367331941024, 6.216779915433494, 6.3160986273382935, 6.413902694684392, 6.548526069543799, 6.717755547064048, 6.958577871790167, 7.217485904678529, 7.469177324207962, 7.759625958043577, 7.940212688007864, 8.138103133015075, 8.34184031390015, 8.593782385553025, 8.988824901329634, 9.393873031039222, 9.798693954910723, 10.14340050476112, 10.543665858693045, 10.933928251394905, 11.28992449458958, 11.672605254594837, 12.063873000229078, 12.46291900405829, 12.892533574012223, 13.380487402596735, 13.86486642427274, 14.334522140417825, 14.794597487511158, 15.257185344643826, 15.722063937796364, 16.10748762151081, 16.40335751642504, 16.742474490820136, 17.0894928637414, 17.41139389095704, 17.665439417097865, 18.096013541991137, 18.430077993005547, 18.895298949696095, 19.358533501389488, 19.80347568522908, 20.24594035995084, 20.641194399144403, 21.056609765149133, 21.506510013082707, 21.958420573650134, 22.278022831871453, 22.4603777674826, 22.748594421590845, 22.999229755642975, 23.169715847024808, 23.279483325675777, 23.513422091985092, 23.601532914988688, 23.693406667334028, 23.832588112634838, 23.983604483958846, 23.957517663846815, 23.925621901193857, 24.184026673657286, 24.356878148610168, 24.527487303618532, 24.703473050417152, 24.870022780826044, 25.045448398559888, 25.33453120178192, 25.830053260769773, 26.244037959189114, 26.6727590621045, 27.103922660138995, 27.53741402435085, 27.973124936807352, 28.341693894079537, 28.707878034972055, 29.175500102466366, 29.645377758795004, 30.11622550543644, 30.58856767996145, 31.06205743835482, 31.53636554671014, 31.962942070438643, 32.34164892699623, 32.72361295511142, 33.009055185078374, 33.37133523828057, 33.621857395628126
cavity_glu_prot_Q10_EM_100kJ_water.pdb, 7, 7, 0.19473934113056424, 1.6360933267659747, 0.9327787934324647, -, -, -, 1.4288617775391057, 48.04098692248353, , length, 0.0, 0.5, 1.0, 1.5, 2.0, 2.5, 3.0, 3.5, 4.0, 4.5, 5.0, 5.5, 6.0, 6.5, 7.0, 7.5, 8.0, 8.5, 9.0, 9.5, 10.0, 10.5, 11.0, 11.5, 12.0, 12.5, 13.0, 13.5, 14.0, 14.5, 15.0, 15.5, 16.0, 16.5, 17.0, 17.5, 18.0, 18.5, 19.0, 19.5, 20.0, 20.5, 21.0, 21.5, 22.0, 22.5, 23.0, 23.5, 24.0, 24.5, 25.0, 25.5, 26.0, 26.5, 27.0, 27.5, 28.0, 28.5, 29.0, 29.5, 30.0, 30.5, 31.0, 31.5, 32.0, 32.5, 33.0, 33.5, 34.0, 34.5, 35.0, 35.5, 36.0, 36.5, 37.0, 37.5, 38.0, 38.5, 39.0, 39.5, 40.0, 40.5, 41.0, 41.5, 42.0, 42.5, 43.0, 43.5, 44.0, 44.5, 45.0, 45.5, 46.0, 46.5, 47.0, 47.5, 48.0, 48.5, 49.0, 49.5
cavity_glu_prot_Q10_EM_100kJ_water.pdb, 7, 7, 0.19473934113056424, 1.6360933267659747, 0.9327787934324647, -, -, -, 1.4288617775391057, 48.04098692248353, , R, 3.2447462082918053, 3.2025553703908587, 3.149920068103647, 2.9979869760992193, 2.90175385708436, 2.865178317947957, 2.7725531229902884, 2.7388715333677327, 2.7684051705652912, 2.8547768465436514, 2.9924677808178464, 3.1831902663613727, 3.401224726832689, 3.548643307967996, 3.404133979460556, 3.0898764236408676, 2.776309720451371, 2.503922009951391, 2.2823896276333917, 2.1069647140635768, 1.9016950790423228, 1.951059342104957, 1.9704514003478593, 1.8485175261712692, 1.762754933347421, 1.6551804128821963, 1.555163153045991, 1.4132010031517146, 1.3625602365298544, 1.4076610565080767, 1.5378404096508074, 1.7266716129100936, 1.9400271890661787, 1.7530701516595506, 1.4483515688528763, 1.2097528387509835, 1.0583293505357816, 0.9788703367291143, 0.9334567837709977, 0.9507721191136012, 1.0209840510259223, 1.1821756684234035, 1.4299718012833298, 1.7425741173099552, 1.923474963264238, 1.9573517321841332, 1.974953619802173, 2.069830426041036, 2.211118073004064, 2.2506837215790547, 2.3423104730836517, 2.272609343398406, 2.147819579627801, 2.079864842713558, 2.002944001772021, 1.8853971870052277, 1.7722668319277, 1.7185237387868864, 1.6842803418436205, 1.7053618142062252, 1.6124653720333801, 1.7241855946018576, 1.643420016067288, 1.6415119400283047, 1.638840358405872, 1.5335749818506448, 1.3897907619381973, 1.2605898101335542, 1.2237480513530736, 1.236899375209979, 1.3481870318104872, 1.3587718834471019, 1.4494669615907598, 1.4083870691490066, 1.3463159840559442, 1.3597089423387476, 1.466127717773302, 1.6462647603945781, 1.897452044027305, 2.094636799315439, 2.06758508472992, 1.93768367512318, 1.8476298704111132, 1.838262136305821, 1.9103095972583122, 2.058376094419537, 2.1198544217213815, 2.113714931027043, 1.8985917772759235, 1.657200078527983, 1.4881059456945993, 1.3199474924223387, 1.1987686184655229, 1.1786648366897665, 1.2321746102573286, 1.3534647506315627, 1.5613205410917852, 1.6233207868557356, 1.7146510821599905, 1.7968921802745388
cavity_glu_prot_Q10_EM_100kJ_water.pdb, 7, 7, 0.19473934113056424, 1.6360933267659747, 0.9327787934324647, -, -, -, 1.4288617775391057, 48.04098692248353, , Upper limit of R overestimation, -, -, -, -, -, -, -, -, -, -, -, -, -, -, -, -, -, -, -, -, -, -, -, -, -, -, -, -, -, -, -, -, -, -, -, -, -, -, -, -, -, -, -, -, -, -, -, -, -, -, -, -, -, -, -, -, -, -, -, -, -, -, -, -, -, -, -, -, -, -, -, -, -, -, -, -, -, -, -, -, -, -, -, -, -, -, -, -, -, -, -, -, -, -, -, -, -, -, -, -
cavity_glu_prot_Q10_EM_100kJ_water.pdb, 8, 8, 0.16483185298273004, 1.8028293975212561, 0.9327787934324647, -, -, -, 2.5063222387077126, 48.261190459603945, , X, -78.96797035058613, -78.7185195237219, -78.47503232552837, -78.24512917073089, -78.01522601593342, -77.78532286113595, -77.70368708142148, -77.62549591286064, -77.54730474429982, -77.46652035873882, -77.38206531875193, -77.29761027876502, -77.21242416034613, -77.27608893920478, -77.08254524762998, -76.81699037075293, -76.5479729625521, -76.27895555435126, -76.00993814615042, -75.69632128524779, -75.54856698668505, -75.09016955917203, -74.70100617693008, -74.29988380631994, -73.8861732420767, -73.43402970733968, -73.11610487871874, -72.649544921727, -72.18298496473525, -71.72291545031558, -71.31420939550321, -70.85370140717188, -70.41093218910454, -70.2182814751825, -70.11471106948217, -70.01114066378184, -69.90757025808152, -69.72359681556277, -69.3502211575175, -69.0128840057171, -68.72471107849897, -68.45394587504538, -68.18318067159177, -67.91241546813818, -67.74955323589033, -67.77006699687968, -67.68146748494249, -67.5928679730053, -67.5394543549696, -67.60772293575981, -67.93696441002875, -68.42447692913234, -68.91198944823593, -69.39962060860542, -69.8976924438237, -70.38342045551292, -70.682205768592, -71.0024792750226, -71.3227527814532, -71.48265884186186, -71.42599561957032, -71.34153269534417, -71.09688405615226, -70.82978917802183, -70.88597720143602, -70.84522413534442, -70.97586232384955, -71.17308110794357, -71.37465643932326, -71.70338546049456, -72.08609199673889, -72.46912570756878, -72.8412856688424, -73.21344563011601, -73.08336813499083, -72.89367161162434, -72.71798404089833, -72.5557479302822, -72.47948212420548, -72.51112938908071, -72.52230043751156, -72.68331768582334, -72.92184655679274, -73.26387231805968, -73.52744806624132, -73.71941475417312, -73.91462145822038, -73.8106064880068, -73.45994031891713, -73.48606049618476, -73.55238263691231, -73.61870477763988, -73.68502691836744, -73.75134905909499, -73.60993198338296, -73.44187949998923, -73.24143225057445, -73.1536274596252, -72.9875333175922, -72.85093654592494, -72.80651251824763
cavity_glu_prot_Q10_EM_100kJ_water.pdb, 8, 8, 0.16483185298273004, 1.8028293975212561, 0.9327787934324647, -, -, -, 2.5063222387077126, 48.261190459603945, , Y, -6.963370495991634, -6.957232342296568, -7.063381924228829, -7.425302205148433, -7.787222486068036, -8.149142766987639, -8.447124841719605, -8.743621476663787, -9.04011811160797, -9.354987337454684, -9.695862652304898, -10.036737967155112, -10.400591095691603, -10.371619947443925, -10.17565194725891, -9.830022599629215, -9.454516629475284, -9.079010659321352, -8.703504689167419, -8.376307638547159, -8.004724521449978, -8.039280749173404, -8.222981715415068, -8.226066007146887, -8.290861692743164, -8.29858807565797, -8.006041671997542, -7.873754909444379, -7.741468146891217, -7.592980009403897, -7.316278940706764, -7.141235022375418, -7.057726472816445, -7.181558078991112, -7.326955451767081, -7.472352824543051, -7.61775019731902, -7.69607064552437, -7.616380667418665, -7.65940159064016, -7.841828731130198, -8.055759419456132, -8.269690107782068, -8.483620796108003, -8.528710587889243, -8.374365411110196, -8.102962243479453, -7.831559075848709, -7.55210198341728, -7.382952477092519, -7.319603787992361, -7.227020792081921, -7.134437796171483, -7.0424615715928836, -7.003882469296705, -6.943594350319153, -6.63129279633626, -6.348306101165081, -6.0653194059939, -5.761003554976174, -5.44181102534703, -5.125196584677321, -5.014268723852994, -4.823162545457498, -4.364347605959312, -3.8945510792720426, -3.4731402678007535, -3.0319642350568694, -2.623023637085362, -2.253369697772392, -1.9410891761048892, -1.622622005318282, -1.2895098033148158, -0.9563976013113492, -0.5525066657071674, -0.11995256141743749, 0.3467978613443247, 0.815192722126156, 1.2728634379028378, 1.522328502375005, 1.5979004316254724, 1.3259576351275184, 1.4829768902353309, 1.5203654141928633, 1.6635018212594972, 1.8753278530174275, 2.089440917208664, 2.4264368517936132, 2.76109455532785, 3.2375771209154145, 3.7158284047314005, 4.1940796885473866, 4.672330972363373, 5.150582256179359, 5.472623974861609, 5.774637190873883, 5.9204550089684265, 6.174042583106434, 6.5478747760768234, 6.948697767312496, 7.433861020332278
cavity_glu_prot_Q10_EM_100kJ_water.pdb, 8, 8, 0.16483185298273004, 1.8028293975212561, 0.9327787934324647, -, -, -, 2.5063222387077126, 48.261190459603945, , Z, -24.815941376120055, -24.382655548927463, -24.00308640861509, -23.745873948432372, -23.488661488249658, -23.23144902806694, -22.8396382476067, -22.444700421327845, -22.04976259504899, -21.670982455234867, -21.31507324497672, -20.95916403471857, -20.650753570211844, -20.226902976538824, -19.838515075718984, -19.61510560546437, -19.423729273428098, -19.23235294139182, -19.040976609355546, -18.839175777384767, -18.545744791256315, -18.523589824460778, -18.4584110910658, -18.518200067353046, -18.599686243479333, -18.718483316027736, -18.609363977252446, -18.48761826281015, -18.365872548367854, -18.248813040638062, -18.168838798900026, -18.0857189827688, -18.01013636427635, -17.68448052607001, -17.217433660056635, -16.75038679404326, -16.283339928029886, -15.859260607394017, -15.536398213534387, -15.190645664069953, -14.82682351676698, -14.464995014308805, -14.10316651185063, -13.741338009392454, -13.363955290094522, -12.912740477109017, -12.502264598299444, -12.091788719489871, -11.693477636421363, -11.294237362415924, -11.03114168600577, -11.092459975165866, -11.153778264325963, -11.214642234906583, -11.2355252382423, -11.247217765903512, -11.080497206182947, -10.820991114858023, -10.561485023533097, -10.230254167202206, -9.860855503144414, -9.524231309896866, -9.166663589118842, -8.849754556090579, -8.679503615550722, -8.513279636784986, -8.492492701025093, -8.620822196203884, -8.62198350771449, -8.549229155335, -8.492461641111262, -8.460783060868039, -8.437691415166123, -8.414599769464209, -8.591549336699005, -8.703610486410092, -8.667862474659703, -8.656738206305318, -8.826176357227721, -9.2315125201832, -9.652666209348691, -9.959320113176789, -10.365424950595848, -10.718971936401767, -11.099323507211338, -11.509476385588645, -11.916968641266767, -12.175455888438679, -12.139410585089644, -12.04158853353854, -11.911676705063705, -11.781764876588872, -11.651853048114038, -11.521941219639203, -11.827428312959366, -12.188740339024264, -12.615150119831878, -12.96640348353565, -13.25391387896731, -13.498981084646795, -13.611422730331071
cavity_glu_prot_Q10_EM_100kJ_water.pdb, 8, 8, 0.16483185298273004, 1.8028293975212561, 0.9327787934324647, -, -, -, 2.5063222387077126, 48.261190459603945, , distance, 0.0, 0.5000000000000022, 0.9558887908765222, 1.3714680364547933, 1.8297884493872318, 2.3054992873572306, 2.7759166412066425, 3.254890909971391, 3.7393738075646814, 4.226694903638457, 4.715685085538005, 5.206766928093471, 5.678487240062659, 5.961367331941024, 6.216779915433494, 6.3160986273382935, 6.413902694684392, 6.548526069543799, 6.717755547064048, 6.958577871790167, 7.217485904678529, 7.469177324207962, 7.759625958043577, 7.940212688007864, 8.138103133015075, 8.34184031390015, 8.593782385553025, 8.988824901329634, 9.393873031039222, 9.798693954910723, 10.14340050476112, 10.543665858693045, 10.933928251394905, 11.28992449458958, 11.672605254594837, 12.063873000229078, 12.46291900405829, 12.892533574012223, 13.380487402596735, 13.86486642427274, 14.334522140417825, 14.794597487511158, 15.257185344643826, 15.722063937796364, 16.10748762151081, 16.40335751642504, 16.742474490820136, 17.0894928637414, 17.41139389095704, 17.665439417097865, 17.6587286268156, 17.308053234526504, 16.964867132485594, 16.629940183652987, 16.33093031654395, 16.05631179341591, 16.044519215367472, 16.114775366100012, 16.200165843207643, 16.438304231272657, 16.818178246589756, 17.186559614622137, 17.625348008686473, 18.04798061947908, 18.233435135666266, 18.470880825689882, 18.507038509855217, 18.398318910848083, 18.404925929062856, 18.42726858811176, 18.41302663856427, 18.39156816727878, 18.384124459242102, 18.390276904227015, 18.410828751989076, 18.52934647786873, 18.795247869918338, 19.045799778141483, 19.12089470284035, 18.883122238094316, 18.567900643519227, 18.13640028596114, 17.796455322986162, 17.413645705100855, 17.092917084753914, 16.81463454546818, 16.5491155994945, 16.569512889757636, 16.89964639452683, 17.242237629769367, 17.60380430890925, 17.972008619275385, 18.34645092316892, 18.726757037490042, 18.76336870648257, 18.768077310980175, 18.645254236203453, 18.622828838077165, 18.761659195084896, 18.948280559696816, 19.255780327946955
cavity_glu_prot_Q10_EM_100kJ_water.pdb, 8, 8, 0.16483185298273004, 1.8028293975212561, 0.9327787934324647, -, -, -, 2.5063222387077126, 48.261190459603945, , length, 0.0, 0.5, 1.0, 1.5, 2.0, 2.5, 3.0, 3.5, 4.0, 4.5, 5.0, 5.5, 6.0, 6.5, 7.0, 7.5, 8.0, 8.5, 9.0, 9.5, 10.0, 10.5, 11.0, 11.5, 12.0, 12.5, 13.0, 13.5, 14.0, 14.5, 15.0, 15.5, 16.0, 16.5, 17.0, 17.5, 18.0, 18.5, 19.0, 19.5, 20.0, 20.5, 21.0, 21.5, 22.0, 22.5, 23.0, 23.5, 24.0, 24.5, 25.0, 25.5, 26.0, 26.5, 27.0, 27.5, 28.0, 28.5, 29.0, 29.5, 30.0, 30.5, 31.0, 31.5, 32.0, 32.5, 33.0, 33.5, 34.0, 34.5, 35.0, 35.5, 36.0, 36.5, 37.0, 37.5, 38.0, 38.5, 39.0, 39.5, 40.0, 40.5, 41.0, 41.5, 42.0, 42.5, 43.0, 43.5, 44.0, 44.5, 45.0, 45.5, 46.0, 46.5, 47.0, 47.5, 48.0, 48.5, 49.0, 49.5, 50.0
cavity_glu_prot_Q10_EM_100kJ_water.pdb, 8, 8, 0.16483185298273004, 1.8028293975212561, 0.9327787934324647, -, -, -, 2.5063222387077126, 48.261190459603945, , R, 3.2447462082918053, 3.2025553703908587, 3.149920068103647, 2.9979869760992193, 2.90175385708436, 2.865178317947957, 2.7725531229902884, 2.7388715333677327, 2.7684051705652912, 2.8547768465436514, 2.9924677808178464, 3.1831902663613727, 3.401224726832689, 3.548643307967996, 3.404133979460556, 3.0898764236408676, 2.776309720451371, 2.503922009951391, 2.2823896276333917, 2.1069647140635768, 1.9016950790423228, 1.951059342104957, 1.9704514003478593, 1.8485175261712692, 1.762754933347421, 1.6551804128821963, 1.555163153045991, 1.4132010031517146, 1.3625602365298544, 1.4076610565080767, 1.5378404096508074, 1.7266716129100936, 1.9400271890661787, 1.7530701516595506, 1.4483515688528763, 1.2097528387509835, 1.0583293505357816, 0.9788703367291143, 0.9334567837709977, 0.9507721191136012, 1.0209840510259223, 1.1821756684234035, 1.4299718012833298, 1.7425741173099552, 1.923474963264238, 1.9573517321841332, 1.974953619802173, 2.069830426041036, 2.211118073004064, 2.2506837215790547, 2.0582022856133344, 1.7666093717339646, 1.535993456670471, 1.3821877992266602, 1.2695033621950433, 1.250502958475341, 1.1969950792150377, 1.1459197419567906, 1.2002277936946235, 1.2490455424739466, 1.2411392682609617, 1.2898336914223971, 1.3537551387453794, 1.4107814555008706, 1.5159618499791139, 1.6558645904003646, 1.6980280040714264, 1.7704137661315211, 1.6945775516431414, 1.5385289608537638, 1.4675490813113654, 1.4628280716981343, 1.5385436733553244, 1.6997568108938526, 1.5575716771685604, 1.4005009981005274, 1.2566583339715331, 1.2035879466747448, 1.2251125031549364, 1.2670272737006616, 1.258932905813604, 1.2355253737513137, 1.137727607902627, 1.0492848290338677, 1.0626035065529533, 1.185560645355512, 1.3964448451590254, 1.5784957747011636, 1.6223000149150903, 1.5330586279240397, 1.4859939955454367, 1.5312118234480316, 1.6643450045304429, 1.873991962483735, 1.8806747296726416, 1.932607567731232, 1.9598450341700542, 1.9405054530023962, 1.8380308828065208, 1.7797347136471677, 1.6892622459679913
cavity_glu_prot_Q10_EM_100kJ_water.pdb, 8, 8, 0.16483185298273004, 1.8028293975212561, 0.9327787934324647, -, -, -, 2.5063222387077126, 48.261190459603945, , Upper limit of R overestimation, -, -, -, -, -, -, -, -, -, -, -, -, -, -, -, -, -, -, -, -, -, -, -, -, -, -, -, -, -, -, -, -, -, -, -, -, -, -, -, -, -, -, -, -, -, -, -, -, -, -, -, -, -, -, -, -, -, -, -, -, -, -, -, -, -, -, -, -, -, -, -, -, -, -, -, -, -, -, -, -, -, -, -, -, -, -, -, -, -, -, -, -, -, -, -, -, -, -, -, -, -
